Workbook

Sheet Sheet1
B1: =reference!B2 -> Apple | E1: =reference!B3 -> Beer | H1: =reference!B4 -> Bread | K1: =reference!B5 -> Cheese | N1: =reference!B6 -> CheeseBread
A2: =reference!B2 -> Apple | B2: Beer | D2: =reference!B2 -> Apple | E2: Apple | G2: =reference!B2 -> Apple | H2: Bread | J2: =reference!B2 -> Apple | K2: CheeseBread | M2: =reference!B2 -> Apple | N2: Cheese
A3: =reference!B3 -> Beer | B3: Beer | D3: =reference!B3 -> Beer | E3: Apple | G3: =reference!B3 -> Beer | H3: Bread | J3: =reference!B3 -> Beer | K3: CheeseBread | M3: =reference!B3 -> Beer | N3: Cheese
A4: =reference!B4 -> Bread | B4: Beer | D4: =reference!B4 -> Bread | E4: Apple | G4: =reference!B4 -> Bread | H4: Bread | J4: =reference!B4 -> Bread | K4: CheeseBread | M4: =reference!B4 -> Bread | N4: Cheese
A5: =reference!B5 -> Cheese | B5: Beer | D5: =reference!B5 -> Cheese | E5: Apple | G5: =reference!B5 -> Cheese | H5: Bread | J5: =reference!B5 -> Cheese | K5: CheeseBread | M5: =reference!B5 -> Cheese | N5: Cheese
A6: =reference!B6 -> CheeseBread | B6: Beer | D6: =reference!B6 -> CheeseBread | E6: Apple | G6: =reference!B6 -> CheeseBread | H6: Bread | J6: =reference!B6 -> CheeseBread | K6: CheeseBread | M6: =reference!B6 -> CheeseBread | N6: Cheese

Sheet reference
A1: -1 | B1: Invalid
A2: 0 | B2: Apple
A3: 1 | B3: Beer
A4: 2 | B4: Bread
A5: 3 | B5: Cheese
A6: 4 | B6: CheeseBread
