Workbook

Sheet BlendRecioe
A1: Add＼Base | B1: =ItemType!B2 -> Honey | C1: =ItemType!B3 -> Jam | D1: =ItemType!B4 -> Pepper | E1: =ItemType!B5 -> Whiskey | F1: =ItemType!B6 -> HealBottle | G1: =ItemType!B7 -> MolotovCocktail
A2: =ItemType!B2 -> Honey | B2: =ItemType!B1 -> Invalid | C2: =ItemType!B6 -> HealBottle | D2: =ItemType!B1 -> Invalid | E2: =ItemType!B1 -> Invalid | F2: =ItemType!B1 -> Invalid | G2: =ItemType!B1 -> Invalid
A3: =ItemType!B3 -> Jam | B3: =C2 -> HealBottle | C3: =ItemType!B1 -> Invalid | D3: =ItemType!B1 -> Invalid | E3: =ItemType!B1 -> Invalid | F3: =ItemType!B1 -> Invalid | G3: =ItemType!B1 -> Invalid
A4: =ItemType!B4 -> Pepper | B4: =D2 -> Invalid | C4: =D3 -> Invalid | D4: =ItemType!B1 -> Invalid | E4: =ItemType!B7 -> MolotovCocktail | F4: =ItemType!B1 -> Invalid | G4: =ItemType!B1 -> Invalid
A5: =ItemType!B5 -> Whiskey | B5: =E2 -> Invalid | C5: =E3 -> Invalid | D5: =E4 -> MolotovCocktail | E5: =ItemType!B1 -> Invalid | F5: =ItemType!B1 -> Invalid | G5: =ItemType!B1 -> Invalid
A6: =ItemType!B6 -> HealBottle | B6: =F2 -> Invalid | C6: =F3 -> Invalid | D6: =F4 -> Invalid | E6: =F5 -> Invalid | F6: =ItemType!B1 -> Invalid | G6: =ItemType!B1 -> Invalid
A7: =ItemType!B7 -> MolotovCocktail | B7: =G2 -> Invalid | C7: =G3 -> Invalid | D7: =G4 -> Invalid | E7: =G5 -> Invalid | F7: =G6 -> Invalid | G7: =ItemType!B1 -> Invalid

Sheet ItemType
A1: -1 | B1: Invalid
A2: 0 | B2: Honey
A3: 1 | B3: Jam
A4: 2 | B4: Pepper
A5: 3 | B5: Whiskey
A6: 4 | B6: HealBottle
A7: 5 | B7: MolotovCocktail
