Workbook

Sheet KeyCode
A1: Key | B1: KeyID | C1: Device | D1: DeviceID | E1: DeviceKeyID
A2: Invalid | B2: 0 | C2: Invalid | D2: =VLOOKUP(C2,Device!A:B,2,FALSE) -> -1 | E2: -1
A3: Gp_Up | B3: 1 | C3: GamePad | D3: =VLOOKUP(C3,Device!A:B,2,FALSE) -> 0 | E3: 0
A4: Gp_Right | B4: 2 | C4: GamePad | D4: =VLOOKUP(C4,Device!A:B,2,FALSE) -> 0 | E4: 3
A5: Gp_Down | B5: 3 | C5: GamePad | D5: =VLOOKUP(C5,Device!A:B,2,FALSE) -> 0 | E5: 1
A6: Gp_Left | B6: 4 | C6: GamePad | D6: =VLOOKUP(C6,Device!A:B,2,FALSE) -> 0 | E6: 2
A7: Gp_North | B7: 5 | C7: GamePad | D7: =VLOOKUP(C7,Device!A:B,2,FALSE) -> 0 | E7: 15
A8: Gp_East | B8: 6 | C8: GamePad | D8: =VLOOKUP(C8,Device!A:B,2,FALSE) -> 0 | E8: 13
A9: Gp_South | B9: 7 | C9: GamePad | D9: =VLOOKUP(C9,Device!A:B,2,FALSE) -> 0 | E9: 12
A10: Gp_West | B10: 8 | C10: GamePad | D10: =VLOOKUP(C10,Device!A:B,2,FALSE) -> 0 | E10: 14
A11: Gp_Start | B11: 9 | C11: GamePad | D11: =VLOOKUP(C11,Device!A:B,2,FALSE) -> 0 | E11: 4
A12: Gp_Back | B12: 10 | C12: GamePad | D12: =VLOOKUP(C12,Device!A:B,2,FALSE) -> 0 | E12: 5
A13: Gp_LeftShoulder | B13: 11 | C13: GamePad | D13: =VLOOKUP(C13,Device!A:B,2,FALSE) -> 0 | E13: 8
... A129: KeyBoard_9 | B129: 127 | C129: Keyboard | D129: =VLOOKUP(C129,Device!A:B,2,FALSE) -> 1 | E129: 10

Sheet Action
A1: ActionID | B1: Action | C1: Key[0] | D1: Key[1] | E1: Key[2] | F1: Key[3] | G1: Key[4] | H1: Key[5] | I1: KeyID[0] | J1: KeyID[1] | K1: KeyID[2] | L1: KeyID[3] | M1: KeyID[4] | N1: KeyID[5]
A2: 0 | B2: Up | C2: GpUp | D2: GpLeftThumbUp | E2: Invalid | F2: Invalid | G2: Invalid | H2: Invalid | I2: =VLOOKUP(C2,KeyCode!A:B,2,FALSE) -> #N/A | J2: =VLOOKUP(D2,KeyCode!A:B,2,FALSE) -> #N/A | K2: =VLOOKUP(E2,KeyCode!A:B,2,FALSE) -> 0 | L2: =VLOOKUP(F2,KeyCode!A:B,2,FALSE) -> 0 | M2: =VLOOKUP(G2,KeyCode!A:B,2,FALSE) -> 0 | N2: =VLOOKUP(H2,KeyCode!A:B,2,FALSE) -> 0
A3: 1 | B3: Right | C3: GpRight | D3: GpLeftThumbRight | E3: Invalid | F3: Invalid | G3: Invalid | H3: Invalid | I3: =VLOOKUP(C3,KeyCode!A:B,2,FALSE) -> #N/A | J3: =VLOOKUP(D3,KeyCode!A:B,2,FALSE) -> #N/A | K3: =VLOOKUP(E3,KeyCode!A:B,2,FALSE) -> 0 | L3: =VLOOKUP(F2,KeyCode!A:B,2,FALSE) -> 0 | M3: =VLOOKUP(G2,KeyCode!A:B,2,FALSE) -> 0 | N3: =VLOOKUP(H2,KeyCode!A:B,2,FALSE) -> 0
A4: 2 | B4: Down | C4: GpDown | D4: GpLeftThumbDown | E4: Invalid | F4: Invalid | G4: Invalid | H4: Invalid | I4: =VLOOKUP(C4,KeyCode!A:B,2,FALSE) -> #N/A | J4: =VLOOKUP(D4,KeyCode!A:B,2,FALSE) -> #N/A | K4: =VLOOKUP(E4,KeyCode!A:B,2,FALSE) -> 0 | L4: =VLOOKUP(F3,KeyCode!A:B,2,FALSE) -> 0 | M4: =VLOOKUP(G3,KeyCode!A:B,2,FALSE) -> 0 | N4: =VLOOKUP(H3,KeyCode!A:B,2,FALSE) -> 0
A5: 3 | B5: Left | C5: GpLeft | D5: GpLeftThumbLeft | E5: Invalid | F5: Invalid | G5: Invalid | H5: Invalid | I5: =VLOOKUP(C5,KeyCode!A:B,2,FALSE) -> #N/A | J5: =VLOOKUP(D5,KeyCode!A:B,2,FALSE) -> #N/A | K5: =VLOOKUP(E5,KeyCode!A:B,2,FALSE) -> 0 | L5: =VLOOKUP(F4,KeyCode!A:B,2,FALSE) -> 0 | M5: =VLOOKUP(G4,KeyCode!A:B,2,FALSE) -> 0 | N5: =VLOOKUP(H4,KeyCode!A:B,2,FALSE) -> 0
A6: 4 | B6: Decide | C6: GpEast | D6: Invalid | E6: Invalid | F6: Invalid | G6: Invalid | H6: Invalid | I6: =VLOOKUP(C6,KeyCode!A:B,2,FALSE) -> #N/A | J6: =VLOOKUP(D6,KeyCode!A:B,2,FALSE) -> 0 | K6: =VLOOKUP(E6,KeyCode!A:B,2,FALSE) -> 0 | L6: =VLOOKUP(F5,KeyCode!A:B,2,FALSE) -> 0 | M6: =VLOOKUP(G5,KeyCode!A:B,2,FALSE) -> 0 | N6: =VLOOKUP(H5,KeyCode!A:B,2,FALSE) -> 0
A7: 5 | B7: Cancel | C7: GpSouth | D7: Invalid | E7: Invalid | F7: Invalid | G7: Invalid | H7: Invalid | I7: =VLOOKUP(C7,KeyCode!A:B,2,FALSE) -> #N/A | J7: =VLOOKUP(D7,KeyCode!A:B,2,FALSE) -> 0 | K7: =VLOOKUP(E7,KeyCode!A:B,2,FALSE) -> 0 | L7: =VLOOKUP(F6,KeyCode!A:B,2,FALSE) -> 0 | M7: =VLOOKUP(G6,KeyCode!A:B,2,FALSE) -> 0 | N7: =VLOOKUP(H6,KeyCode!A:B,2,FALSE) -> 0
A8: 6 | B8: Menu | C8: GpNorth | D8: Invalid | E8: Invalid | F8: Invalid | G8: Invalid | H8: Invalid | I8: =VLOOKUP(C8,KeyCode!A:B,2,FALSE) -> #N/A | J8: =VLOOKUP(D8,KeyCode!A:B,2,FALSE) -> 0 | K8: =VLOOKUP(E8,KeyCode!A:B,2,FALSE) -> 0 | L8: =VLOOKUP(F7,KeyCode!A:B,2,FALSE) -> 0 | M8: =VLOOKUP(G7,KeyCode!A:B,2,FALSE) -> 0 | N8: =VLOOKUP(H7,KeyCode!A:B,2,FALSE) -> 0
A9: 7 | B9: Start | C9: GpStart | D9: Invalid | E9: Invalid | F9: Invalid | G9: Invalid | H9: Invalid | I9: =VLOOKUP(C9,KeyCode!A:B,2,FALSE) -> #N/A | J9: =VLOOKUP(D9,KeyCode!A:B,2,FALSE) -> 0 | K9: =VLOOKUP(E9,KeyCode!A:B,2,FALSE) -> 0 | L9: =VLOOKUP(F8,KeyCode!A:B,2,FALSE) -> 0 | M9: =VLOOKUP(G8,KeyCode!A:B,2,FALSE) -> 0 | N9: =VLOOKUP(H8,KeyCode!A:B,2,FALSE) -> 0
A10: 8 | B10: Move | C10: GpLeftVector | D10: Invalid | E10: Invalid | F10: Invalid | G10: Invalid | H10: Invalid | I10: =VLOOKUP(C10,KeyCode!A:B,2,FALSE) -> #N/A | J10: =VLOOKUP(D10,KeyCode!A:B,2,FALSE) -> 0 | K10: =VLOOKUP(E10,KeyCode!A:B,2,FALSE) -> 0 | L10: =VLOOKUP(F8,KeyCode!A:B,2,FALSE) -> 0 | M10: =VLOOKUP(G8,KeyCode!A:B,2,FALSE) -> 0 | N10: =VLOOKUP(H8,KeyCode!A:B,2,FALSE) -> 0
A11: 9 | B11: SelectMove | C11: GpLeftVector | D11: GpCross | E11: Invalid | F11: Invalid | G11: Invalid | H11: Invalid | I11: =VLOOKUP(C11,KeyCode!A:B,2,FALSE) -> #N/A | J11: =VLOOKUP(D11,KeyCode!A:B,2,FALSE) -> #N/A | K11: =VLOOKUP(E11,KeyCode!A:B,2,FALSE) -> 0 | L11: =VLOOKUP(F10,KeyCode!A:B,2,FALSE) -> 0 | M11: =VLOOKUP(G10,KeyCode!A:B,2,FALSE) -> 0 | N11: =VLOOKUP(H10,KeyCode!A:B,2,FALSE) -> 0
A12: 10 | B12: Camera | C12: GpRightVector | D12: Invalid | E12: Invalid | F12: Invalid | G12: Invalid | H12: Invalid | I12: =VLOOKUP(C12,KeyCode!A:B,2,FALSE) -> #N/A | J12: =VLOOKUP(D12,KeyCode!A:B,2,FALSE) -> 0 | K12: =VLOOKUP(E12,KeyCode!A:B,2,FALSE) -> 0 | L12: =VLOOKUP(F11,KeyCode!A:B,2,FALSE) -> 0 | M12: =VLOOKUP(G11,KeyCode!A:B,2,FALSE) -> 0 | N12: =VLOOKUP(H11,KeyCode!A:B,2,FALSE) -> 0
A13: 11 | B13: DragonCall | C13: GpRightTrigger | D13: Invalid | E13: Invalid | F13: Invalid | G13: Invalid | H13: Invalid | I13: =VLOOKUP(C13,KeyCode!A:B,2,FALSE) -> #N/A | J13: =VLOOKUP(D13,KeyCode!A:B,2,FALSE) -> 0 | K13: =VLOOKUP(E13,KeyCode!A:B,2,FALSE) -> 0 | L13: =VLOOKUP(F12,KeyCode!A:B,2,FALSE) -> 0 | M13: =VLOOKUP(G12,KeyCode!A:B,2,FALSE) -> 0 | N13: =VLOOKUP(H12,KeyCode!A:B,2,FALSE) -> 0
A14: 12 | B14: Dash | C14: GpLeftThumb | D14: Invalid | E14: Invalid | F14: Invalid | G14: Invalid | H14: Invalid | I14: =VLOOKUP(C14,KeyCode!A:B,2,FALSE) -> #N/A | J14: =VLOOKUP(D14,KeyCode!A:B,2,FALSE) -> 0 | K14: =VLOOKUP(E14,KeyCode!A:B,2,FALSE) -> 0 | L14: =VLOOKUP(F13,KeyCode!A:B,2,FALSE) -> 0 | M14: =VLOOKUP(G13,KeyCode!A:B,2,FALSE) -> 0 | N14: =VLOOKUP(H13,KeyCode!A:B,2,FALSE) -> 0
A15: 13 | B15: Parry | C15: GpSouth | D15: Invalid | E15: Invalid | F15: Invalid | G15: Invalid | H15: Invalid | I15: =VLOOKUP(C15,KeyCode!A:B,2,FALSE) -> #N/A | J15: =VLOOKUP(D15,KeyCode!A:B,2,FALSE) -> 0 | K15: =VLOOKUP(E15,KeyCode!A:B,2,FALSE) -> 0 | L15: =VLOOKUP(F14,KeyCode!A:B,2,FALSE) -> 0 | M15: =VLOOKUP(G14,KeyCode!A:B,2,FALSE) -> 0 | N15: =VLOOKUP(H14,KeyCode!A:B,2,FALSE) -> 0
A16: 14 | B16: CursorMove | C16: GpCross | D16: Invalid | E16: Invalid | F16: Invalid | G16: Invalid | H16: Invalid | I16: =VLOOKUP(C16,KeyCode!A:B,2,FALSE) -> #N/A | J16: =VLOOKUP(D16,KeyCode!A:B,2,FALSE) -> 0 | K16: =VLOOKUP(E16,KeyCode!A:B,2,FALSE) -> 0 | L16: =VLOOKUP(F15,KeyCode!A:B,2,FALSE) -> 0 | M16: =VLOOKUP(G15,KeyCode!A:B,2,FALSE) -> 0 | N16: =VLOOKUP(H15,KeyCode!A:B,2,FALSE) -> 0
A17: 15 | B17: ItemCursorMove | C17: GpRight | D17: GpLeft | E17: Invalid | F17: Invalid | G17: Invalid | H17: Invalid | I17: =VLOOKUP(C17,KeyCode!A:B,2,FALSE) -> #N/A | J17: =VLOOKUP(D17,KeyCode!A:B,2,FALSE) -> #N/A | K17: =VLOOKUP(E17,KeyCode!A:B,2,FALSE) -> 0 | L17: =VLOOKUP(F16,KeyCode!A:B,2,FALSE) -> 0 | M17: =VLOOKUP(G16,KeyCode!A:B,2,FALSE) -> 0 | N17: =VLOOKUP(H16,KeyCode!A:B,2,FALSE) -> 0
A18: 16 | B18: UseItem | C18: GpWest | D18: Invalid | E18: Invalid | F18: Invalid | G18: Invalid | H18: Invalid | I18: =VLOOKUP(C18,KeyCode!A:B,2,FALSE) -> #N/A | J18: =VLOOKUP(D18,KeyCode!A:B,2,FALSE) -> 0 | K18: =VLOOKUP(E18,KeyCode!A:B,2,FALSE) -> 0 | L18: =VLOOKUP(F17,KeyCode!A:B,2,FALSE) -> 0 | M18: =VLOOKUP(G17,KeyCode!A:B,2,FALSE) -> 0 | N18: =VLOOKUP(H17,KeyCode!A:B,2,FALSE) -> 0
A19: 17 | B19: PickUpItem | C19: GpEast | D19: Invalid | E19: Invalid | F19: Invalid | G19: Invalid | H19: Invalid | I19: =VLOOKUP(C19,KeyCode!A:B,2,FALSE) -> #N/A | J19: =VLOOKUP(D19,KeyCode!A:B,2,FALSE) -> 0 | K19: =VLOOKUP(E19,KeyCode!A:B,2,FALSE) -> 0 | L19: =VLOOKUP(F18,KeyCode!A:B,2,FALSE) -> 0 | M19: =VLOOKUP(G18,KeyCode!A:B,2,FALSE) -> 0 | N19: =VLOOKUP(H18,KeyCode!A:B,2,FALSE) -> 0

Sheet Device
A1: Invalid | B1: -1
A2: GamePad | B2: 0
A3: Keyboard | B3: 1
A4: Mouce | B4: 2
